OEFF2026 Project Timeline,,,,,,"Anything not completed is in bright yellow
Grey = done
Bright blue = assigned by intern
White = unassigned ",,,
Please weigh in as a comment regarding our timeline,,,,,,,,,
Marketing Calendar w deadlines,,,,,,,,,
Planned Day,Planned Date,Actual Day,Actual Date,Complete?,Team(s),Project/Task Milestone,Who,Notes/Comments,Suggested Edits/Adjustment Notes
PHASES,,,,,,,,,
Schedule & Event Design: Visioning/Creation/Curation,,,,,,,,,
Event Marketing/Promo: Butts in Seats,,,,,,,,,
Event Delivery,,,,,,,,,
,Tech Prep,,,,,,,,
,Screening Packet,,,,,,,,
,Day-Of,,,,,,,,
,,,,,,,,,
,,,,,,,,,
,6/1/25,,,x,FilmsPrograms,Film reviewer recruitment/outreach,Ana/Josh,,
,6/25/25,,,x,FilmsPrograms,Film review process begins,Ana/Josh,,
,7/30/25,,,In process 3/2,Marketing,"All analysis/reporting complete from previous fest: Audience survey, Participant survey, host survey, team survey, NU Cause Marketing
*Cesar wants to think about best use of data - review NU Cause Marketing report for Google ad campaign",Ana/Cesar/Jani,"Please review the following reports:
Northwestern University Cause Marketing Institute reports (3) for OEFF2025
OEFF2025 Surveys. Pls review:
OEFF2025 Audience Survey SUMMARY (questions data in tabs)
OEFF2025 Audience Survey INDIVIDUAL responses (yellow columns)
OEFF2025 Participant Survey SUMMARY (questions data in tabs)
OEFF2025 Participant Survey INDIVIDUAL responses (yellow rows)

Please drop top 10-20 learnings or highlights (more if necessary) from each report into this doc on our shared drive. Please select items that are actionable and realistically applicable to our upcoming April festival, in terms of successes, things to fix, etc.
TIMING: Let's see if we can complete all/most by the end of this week",
,,,,In process 3/2,Marketing,"Zip code report of Evenbrite data organized by regions (use same regions as venues). Regional clusters would help with email marketing, and maybe advertising",Cesar/Sanaa,"Please find necessary reports for this project in THIS FOLDER on our shared drive. Cesar will meet with you shortly to let you know how he would like you to review and organize the zip code data, and in what document(s), in order to help Marketing create ""regions"" for outreach via email and potentially also advertising
TIMING: Let's see if we can complete all/most by the end of this week",
,8/30/25,,,x,FilmsPrograms,Midway film review process check-in/gap-filling,Ana/Josh,,
,9/1/25,,,x,Dev,Begin EBB sponsor campaign,Michael/Ana,,
,9/30/25,,,x,FilmsPrograms,Identify top scorers + gaps/gap-filling,Ana/Josh,,
,10/1/25,,,,Org,Fest timeline/milestones populated,Ana,,
,10/15/25,,,x,Org,Pre-season squad basetouch,All team,Took place 11/24,
,10/31/25,,,x,FilmsPrograms,Film review process final stage check-in/gap filling w small group of super-reviewers (8-10 people plus Josh/Ana),Ana/Josh,,
,11/15/25,,,x,Dev,Preview Party location confirmed,Michael/Ana,,
,11/20/25,,,x,FilmsPrograms,"All final film scores, holes identified, internal team/staff viewings/reviews",Ana/Josh,,
Tues,12/2/25,,,,FilmsPrograms,Launch party location confirmed,Michael/Ana,,
Tues,12/2/25,Tues,1/13/26,x,FilmsPrograms,Preliminary film lineup list,Ana/Josh,,
Mon,12/8/25,Mon,1/26/26,x,FilmsPrograms,Congrats/Final Films invitation,Ana/Josh,,
,12/20/25,,,,Org,"All team docs ready to go - quicklinks, org chart, tech ops w timeline, etc",Ana/Garen,,
,12/31/25,,,x,Dev,EBB sponsor deadline,Michael/Ana,"Website logos are rolling, as soon as EBB sponsor is confirmed. EBB DEADLINE WAS EXTENDED TO 1/15",
,1/9/25,,,x,Dev,Preview party invites out,Michael/Ana,"full schedule of reminders, personal follow-ups, Know Before You Go's",
Mon,1/12/26,Tues,1/13/26,x,FilmsPrograms,Final film lineup list,Ana/Josh,,
Mon,1/12/26,,,,Org,All squad contractors back on board: day 1,All,"Season kickoff meeting
NOTE: Need to onboard host comms/coordination support + special event support",
Mon,1/12/26,Tues,2/24/26,x,Dev,"EBB sponsor logos for all assets, benefit deliveries",Ana,with Michael's help,
Thurs,1/15/26,,,x,Marketing/Tech/Dev/Programs,Preview party assets/templates determined,Cesar/Garen/Ana/Michael,,
Thurs,1/15/26,,,,Org,Team input for Film Survey,Garen/Cesar/Ana/Josh,,
Thurs,1/21/26,,,,AVTech/FilmsPrograms/Comms,Film Survey final & sent to accepted fims/filmmakers,Josh,,
Mon,1/26/26,,,,,Team leads populate timeline with their project-specific dates,All team leads,Need to dovetail/square with overall OEFF project timeline created in Fall by Ana,
Wed,2/4/26,Wed,2/4/26,x,Hosts/FilmsPrograms,First draft screenings schedule,Ana,,
Thurs,2/5/26,Thurs,2/12/26,,,Preview Party assets complete/tested,Cesar/Garen/Ana/Michael,,
Mon,2/9/26,Tues,2/17/26,,Marketing,Chicago Dept of Environment Letter of Support,Cesar,Awaiting reply from DOE 2/17/26,
Mon,2/9/26,Fri,2/13/26,x,Hosts,Completed schedule of Host Webinars,Ana,Host webinars take place 3rd week in Feb through mid April + office hours ,
Thurs,2/12/26,Fri,2/13/26,,Hosts,Host Guide launch/distribution,Ana/Garen,ENHANCEMENTS NEEDED,
Tues,2/17/26,,,,Marketing,Theme decision/internal announcement,Cesar,With team input from early Feb + funder input from 2/12/26 Preview Party poll,
Tues ,2/17/26,,,,FilmsPrograms/Comms,"Template for website pages: film page, sponsor page, volunteer page, home page",Ana,To/with Josh + Michael,
Wed,2/18/26,,,,Marketing/Org,Update sustainabillity organizations list,Ana/Maria,For use by Marketing (Cesar) + PR (Jason),
Wed,2/18/26,,,,,EBB featurette,,,
Wed,2/18/26,,,,,EBB social posts,,,
Thurs,2/19/26,,,,FilmsPrograms,Finalize YFC shorts paired with feature film programs,Ana,Ana to confirm with Sue/YFC team,
Thurs,2/19/26,,,,FilmsPrograms/Marketing/Tech,Film Survey review + finalize/adjust if/as needed,Ana/Josh/Garen/Cesar,,
Thurs,2/19/26,,,,FilmsPrograms,Film tweaks/first final schedule to Josh/team for website + Ebrite page construction,Ana,,
Mon ,2/23/25,,,,FilmsPrograms,"First draft of schedule, film + Eventbrite pages ready for internal review",Ana,"Allows us to build tickets/early access comms + code.
NOTE: Film Event Pages w previous/standard navigation/filtering: films by date, AZ, topic, geography, children/families. Needs AWARDS, advisories/rating (NR, PG, NC17, etc)",
Mon,2/23/26,,,,Films/Programs,Film declines -- ALL films not selected for fest,Josh/Intern,Intern project; HOLD OFF on anything that is in top scoring range or in Lineup Doc. Earmark top scorers/lineup doc unmatches for final resolution!,May need to update date on this as we need time to train/get interns up to speed. Also need approval on decline language.
Mon ,2/23/26,,,,Hosts,"Host webinar 1 @noon: Background, OEFF team support, host helpers, ",,,
Mon,2/23/26,,,,FilmsPrograms,Outreach to faciliators (includes schedule of 2 facilitator prep calls),Ana,,
Mon,2/23/26,,,,FilmsPrograms,All film surveys completed - includes all assets delivered to AV/Tech + Marketing teams,Kim,"Gather all film survey data for Cesar, Garen + team",
Mon-Thurs,2/23-2/26,,,,Hosts/FilmsPrograms,Event/program visioning calls with hosts: group calls by film title,Ana,,
Tues,2/24/26,,,,Marketing,Filmmaker social media list,Cesar,,
Tues,2/24/26,,,,Marketing,Event marketing research + calendar ready,Cesar,"Staffing event marketing gigs with interns, marketing team + Sandy Gee from YFC would like to collaborate and promo YFC at the same time",
Tues,2/24/26,,,,Dev,Membership materials & benefits delivery plan drafted,Michael/Ana,,
Tues,2/24/26,,,,Hosts,"Logos from HOSTs approved in a folder for all movie posters, flyers",Ana/Josh/Cesar,,
Wed,2/25/26,,,,AV/Tech,"Outreach to Filmmakers re final media formats + delivery -- ALL TO INCLUDE ENGLISH OPEN CAPTIONS, FIND OUT IF SPANISH SUBS ARE AVAILABLE",Garen,Pending Survey Responses,
Wed,2/25/26,,,,Marketing,"Review analytics from last three seasons and finalize social media, website, and advertising strategy . ",Cesar,Incorporate PR feedback from Jason,
Tues,2/25/26,,,,AVTech/FilmsPrograms,Outreach to filmmakers re: final media formats + delivery specs,Garen,,
Thurs,2/26/26,,,,Hosts/FilmsPrograms,Website event / schedule + Eventbrite Pages Ready For Final Approval,Josh,"CREATE AS HIDDEN/PASSWORD PROTECTED, THEN UNVEIL WITH EARLY ACCESS CODE TO TOP FUNDERS ON 3/3 EARLY ACCESS TICKET LAUNCH",May need more time based on host venue confirmation
Thurs,2/26/26,,,,Dev,"Top sponsor deadline for Promo Video benefit
*Includes deadline for logos + other needed assets",Michael,,
Thurs,2/26/26,,,,FilmsPrograms/AVTech,Sue Crothers YFC Founding Director 30-60 sec pre-recorded remarks for Launch Party program,Garen/Erin,,
Mon,3/2/26,,,,FilmsPrograms/Storytelling,Intern/Storyteller meeting ,Erin/Ana/Interns,"Meeting to discuss experiential program components, template, schedule/milestones + rollout plan to team and hosts",
Mon,3/2/26,,,,Hosts/FilmsPrograms,Host Webinar 2 @noon: Programming (+ separate per-film calls late Feb-early Mar),Ana/All,,
Mon ,3/2/26,,,,FilmsPrograms,Facilitator follow up/matching,Ana,with Intern assigned,
Mon,3/2/26,,,,Hosts/FilmsPrograms/Interns,All interns assigned to Community (hosted) screenings for logistical and program support,Ana/Interns,,
Mon-Thurs,3/2-3/5,,,,Hosts/FilmsPrograms,Event/program visioning calls with hosts: group calls by film title,Ana,Interns may be involved here in context of experiential/storytelling program components for flagship and possibly some community screenings,
Tues,3/3/26,,,,AVTech/Hosts,Outreach to all venues + schedule tech walkthroughs,Garen,,
Tues,3/3/26,,,,FilmsPrograms,Update Accessibility Page + all access messaging for early ticket access launch,Josh,,
Thurs,3/5/26,,,,Films/Programs/Mktg/Comms,Early access ticket launch,Ana/Cesar/Josh,"Create code and comms for early access supporters ($125+ donors/members, $250+ sponsors/benefactors) to view schedule, tickets, and make bookings",
Thurs,3/5/26,,,,Marketing,Initial promo video launch/wide distribution (includes required top sponsor + benefactor logos),Cesar,,
Tues,3/3/26,,,,FilmsPrograms,Earth Day Action Fair partner promo/invites,Ana,"See Helen's Promo Partner Folder, Promo Outreach Timeline + Sustainability Orgs list",
Tues ,3/3/26,,,,AVTech,"Outreach to All Venues, Schedule Walkthroughs",Garen,,
Tues ,3/3/26,,,In process 3/2,Marketing/PR,Sustainability orgs list cleanup + program partners additions,Ana/Maria/Cesar,"Include Alders, rep Sean Casten, Commissioner Kimberly DeBuclet, Dean, and Rolando Favela of MWRD, include young adult advisory boards (eg Delta Institute)",
Wed,3/4/26,,,,Marketing,Fest flyers and postcards ready,Cesar,,
Wed,3/4/26,,,,FilmsPrograms,Facilitator prep call 1 (choice - only need to attend one),Ana,,
Thurs,3/5/26,,,In process 3/2,Volunteers,First draft of Signup Genius (SUG) ready,Ana/Peter,,
Mon,3/9/26,,,,AVTech/FilmsPrograms,Caption coordination (Rev.com) + QC watch-throughs begin,Garen/Contractor,,
Mon,3/9/26,,,,FilmsPrograms,"FINAL deadline for host sites to be added to schedule, website, eventbrite, marketing toolkits, etc",Ana,,
Tues,3/10/26,,,,Volunteers,Second draft of Signup Genius (SUG) ready,Ana/Peter,,
Tues,3/10/26,,,,Dev,"Membership materials finalized + printed
Membership benefits delivery plan finalized",Michael/Ana,,
,,,,,,,,,
Tues,3/10/26,,,,Marketing,"Finalize list of ""sustainability partners"" for outreach",Ana/Maria/Cesar,"Include Alders, rep Sean Casten, Commissioner Kimberly DeBuclet, Dean, and Rolando Favela of MWRD, include young adult advisory boards (eg Delta Institute)",
Wed,3/11/26,,,,Marketing/PR,Advertising/promo plan,Cesar,,
Wed,3/11/26,,,,Marketing,"All event marketing assets ready for team, hosts + promo partners: digital movie posters, digital movie flyers ",Cesar,,
Wed,3/11/26,,,,Marketing,"*If needed, updated promo video cut in preparation for public ticket launch",Cesar,,
Wed,3/11/26,,,,FilmsPrograms,Facilitator prep call 2 (choice - only need to attend one),Ana,,
Thurs,3/12/26,,,,Dev,"Sponsor pre-deadline, includes delivery of logos + other needed assets for benefit deliveries",Michael,,
Thurs,3/12/26,,,,AVTech,Pre-recorded video - Ana's remarks (1 min),Garen/Erin/Ana,,
Thurs,3/12/26,,,,Marketing,Marketing Toolkit ready for 3/16 host webinar on marketing/promo + for 3/17 public ticket launch and,Cesar,"Film-specific flyers sent to volunteers, Sustainabilty Orgs, hosts, promo partners, press for (their) specific events",
Thurs,3/12/26,,,,Interns,Intern support plan for Marketing Dept promo push,Cesar/Interns,,
Thurs,3/12/26,,,,Marketing/PR,First press release distributed,Cesar,"Theme, early access + public schedule announcement, top sponsors",
Thurs,3/12/26,,,,Marketing,Sustainability Orgs list outreach w press release + ways to plug in,Cesar/Ana,,
Mon,3/16/26,,,,Dev,Sponsorship Commitment Deadline - Payment by 3/30,Michael/Ana,Giving Sponsors until approx 4/16 for payment,
Mon ,3/16/26,,,,Marketing,Host Webinar 3 @noon: Marketing/Promotion (noon),Cesar,,
Mon,3/16/26,,,,Volunteers,"SUG final version ready for hosts/internal use with ""HOLDS"" for special/host (nonpublic volunteers) sites",Ana/Peter,,
Mon,3/16/26,,,,Hosts/Logistics/Volunteers,Hosts begin OEFF Volunteer Recruitment for 3/26 (vol tees) deadline,Ana/Peter,,
Tues,3/17/26,,,,Marketing,"Events created for Facebook, LinkedIn, Patch.com",Cesar,See: https://www.facebook.com/events/calendar ,
Tues,3/17/26,,,,Development,Launch Party invites out with full schedule + deployment of RSVP reminders,Michael,,
Tues,3/17/26,,,,Marketing/FilmsPrograms/Dev,Launch Party promo plan,Cesar/Ana/Michael,,
Tues,3/17/26,,,,Films/Programs/Mktg/Comms,Public ticket launch,Ana/Cesar/Josh,St Patrick's day messaging?,
,,,,,,,,,
Thurs,3/19/26,,,,Marketing,Sustainability Orgs list outreach w request to promote + ways to plug in,Cesar/Ana,,
Thurs,3/19/26,,,,AVTech/FilmsPrograms,Accessibility Plan: Film/Program Content,Ana/Garen/Erin,"State of all film subs/captions (OPEN not closed captions)
Decide which events (1-2) will have LiveCaptioning + how we will handle (whether contractors for in-person, or something automated for one or both virtual events)",
Thurs,3/19/26,,,,AVTech/FilmsPrograms,Accessibility Plan: film/program caption status review (open captions),Garen/Erin/Ana,,
Mon,3/23/26,,,,Logistics,Host Webinar 4 @noon: Volunteer Recruitment & Training Plan,Ana/Garen,,
Mon,3/23/26,,,,Logistics/Hosts,COI due to DCASE/CFO for Cultural Center 4/26 screening - adding City of Chi as additional insured,Ana,Ben from CFO/DCASE asked for us to submit from our insurance company by 3/23 latest,
Mon ,3/23/26,,,,Hosts/Logistics,SUG goes live publicly - big promo/recruitment push to fill all slots by 4/6 recruitment deadline,,,
,,,,,,,,,
Tues,3/24/26,,,,FilmsPrograms/AVTech,Confirm accessibility supports/contractors,,,
Tues,3/24/26,,,,Logistics,"Venue Kits ready except t-shirts + last printing (program guides, etc). Includes ""Kit""/signage for t-shirt sales at launch, action fair, all events",Josh/Interns,"Need to schedule 2 sessions with interns to get to this milestone, in early to mid March
*JOSH PLS WORK W INTERNS TO IDENTIFY AND CONFIRM 2 Venue Kit creation dates at Solar Garage between 3/1 and 3/15 in case we need an extra date (if so, please schedule) and so we are fully ready by 3/24",
Tues,3/24/26,,,,Hosts/Films/Programs,"Accessibility Plan: Seating, Hospitality",Ana/Angelica,,
Wed,3/25/26,,,,Dev,Membership materials mailed,Michael,,
Wed,3/25/26,,,,AVTech/Programs/Dev,"All pre-roll content finalized and ready
All film content (w open captions) finalized and ready (includes fest week trailer reel)",Garen/Erin/Ana/Michael,Specific to each screening,
Wed,3/25/26,,,,AVTech/FilmsPrograms,All film content w/ open captions finalized + fest week trailer reel,Garen/Erin/Ana,,
Thurs,3/26/26,,,,FilmsPrograms/Hosts,"Program description deadline - incl accessibility info for venue, content",Ana/Josh/Hosts,,
Thurs,3/26/26,,,,Hosts/Logistics,All OEFF Reps assigned w t-shirt need/size,Ana,Connect with hosts + prepare for venue kit pickup and delivery,
Thurs,3/26/26,,,,FilmsPrograms/AVTech/Marketing/Dev,Launch Party program plan/ROS finalized,Ana/Garen/Erin/Cesar/Michael,Filmmakers toast? Silent auction? YFC film. DOE/Angela. Post-film light Q&A inspired by Dr Jane,
Thurs,3/26/26,,,,Marketing/PR,Invite alders + commissioners,PR,,
Mon,3/30/26,,,,Hosts/AVTech,Screening packets delivered,AVTech,,
Mon,3/30/26,,,,Hosts/AVTech,"Host Webinar 5 @noon: Tech verification, testing, and day-of support plan",Garen/Erin,,
Mon,3/30/26,,,,Hosts,Payment deadline for venue host fees,Ana,,
Mon,3/30/26,,,,FilmsPrograms,"All program descriptions added to website, Ebrite, FB events, etc",Ana/Josh/Marketing,,
Wed,4/1/26,,,,AVTech/Programs/Dev,Launch Party Program Content Edited & Finalized,Ana/Garen/Erin/Michael,,
Wed,4/1/26,,,,AVTech/Programs/Dev,Event Decks ready for each screening event (CCC 4/8 bc on spring break),Ana/Garen/Cesar,"Slide in Event Deck for each film, reflecting all the hosts coralling together for that slot, in a map view",
Wed ,4/1/26,,,,PR,Segment pitch to news outlets,TBD/Jason?,,
Thurs,4/2/26,,,,Marketing,Second press release,Cesar,TBD content - 3 weeks out from fest launch,
Thurs,4/2/26,,,,Marketing,"Sustainability Orgs list outreach w request to promote, 2nd press release, and ways to plug in",Cesar/Ana,Film-specific flyers sent to volunteers for their specific events,
Thurs,4/2/26,,,,FilmsPrograms/Marketing/Dev,Deadline for Action Fair tablers to submit tabling requests,Cesar/Ana/Michael,"PRovide list to Alex/CFO team w layout request, floor plan",
Mon,4/6/26,,,,Hosts,#1 OPTIONAL Host Office Hours Call/Webinar @noon,Ana/All,,
Mon,4/6/26,,,,Hosts/Logistics,Volunteer recruitment deadline (hosts/public),Ana/All,"Hosts please identify # of volunteers, which roles, and what t-shirt sizes",
Mon-Thurs,4/6/26-4/9/26,,,,FilmsPrograms,PROGRAM CALLS: Launch/Close + Community Events,Ana/Hosts/ProgramPtners/Facils,,
Mon,4/6/26,,,,Hosts/Logistics,Volunteer Training Session Option 1 (evening),Ana/All,,
Mon,4/6/26,,,,AVTech/FilmsPrograms,Accessibility Plan ,,,
Wed,4/8/26,,,,Hosts/Logistics,"Venue kits complete with (assigned + extra) t-shirts, program guide, printed surveys, event signage, ZW compostables for hospitality, and other last supplies",Josh/Interns,Final venue kit pre-pickup collation + preparation with interns/Josh at Solar Garage,
Thurs,4/9/26,,,,Hosts/Logistics,OEFF Rep Venue Kit pickup + audit/verification (extends from Thurs 4/9 through Sun 4/13),Ana/OEFFReps,Missing VK pieces need to be identified + rectified by 4/16,
Mon,4/13/26,,,,Hosts/Logistics,Volunteer Training Session Option 2 (morning),Ana/All,"Interns helping with various stages of volunteers: recruitment, assignment confirmation, t-shirt orders, training, receipt/support onsite at events",
Mon,4/13/26,,,,Hosts,#2 OPTIONAL Host Office Hours Call/Webinar @noon,Ana/All,,
Mon,4/13/26,,,,AVTech,Onsite AV/Tech team recruited + schedule confirmed,Garen,,
Mon-Thurs,4/13/26-4/16/26,,,,,PROGRAM CALLS: Launch/Close + Community Events,Ana/Hosts/ProgramPtners/Facils,,
Thurs,4/16/26,,,,PR,Media Advisory for Launch Party ,TBD/Jason?,,
Tues,4/14/26,,,,Hosts/FilmsPrograms,Chat Log for 4/27 Hybrid at Dominican U,Interns,,
Tues,4/14/26,,,,Development/Events,Presented by/Chat Links for specific sponsors at qualifying levels Dominican U hybrid event,Michael/Ana/Cesar,,
Wed,4/15/26,,,,Logistics/Hosts,"Ensure all Reg/Tix Sales volunteers have access to Ebrite + trainiing needed to serve in this role, swiping registered guests in + registering walk-ins as they arrive or after the fact from the walk-in sign-in sheets",Ana/Josh,,
Wed,4/15/26,,,,Marketing,Photobank structure + push before launch party,Cesar,,
Thurs,4/16/26,,,,Hosts/Films/Programs,Wait List/Overflow Plan for specific events that are filling up,Ana,"Read Volunteer Training Packet for Sold Out/Overflow Protocols + provide materials, instructions to relevant sites/teams",
Fri,4/17/26,,,,AVTech/Media,"Pre-fest media delivered: trailer reel, sponsor slides, promo reel",Erin,,
Mon,4/20/26,,,,PR,Media Advisory for Cultural Center ,TBD/Jason?,,
Wed,4/22-Mon 4/27/26,,,,ALL TEAM,Onsite at assigned fest events in agreed-upon/defined roles,ALL TEAM,,
Wed,4/22/26,,,,AVTech,FEST: Opening Night tech support — Reasons for Hope (Earth Day),Garen/AV Team,,
Thurs-Mon,4/23/26-4/27/26,,,,AVTech/Media,FEST: Day-of AV support active + event capture (Erin at 6 events),Garen/Erin/AV Team,,
Sun,4/26/26,,,,AVTech,FEST: Cultural Center matinee support,Garen/AV Team,,
Mon,4/27/26,,,,AVTech,FEST: Dominican University hybrid event (Monday after fest),Garen/AV Team,,
Wed,4/29/26,,,,Org,Team debrief meeting 1 + lunch,All/All,,
Thurs,4/30/26,,,,Org,Team survey sent to all squad members,Ana,,
Wed,5/6/26,,,,Org,Team debrief meeting 2 + lunch,Ana/All,,
Fri,5/8/26,,,,Org,Team survey deadline,All team,,
Mon,5/11/26,,,,AVTech/Media,Recap video initial cuts (8 events),Erin,,
Fri,5/15/26,,,,AVTech,Tech retrospective + 2027 recommendations doc,Garen,,
,,,,,,,,,
,,,,,,,,,
OTHER/TO ADD,,,,,,,,,
,Take Action Toolkits (interns split this up),,,,,,,,
,Event Decks (interns split this up),,,,,,,,
,Film Reviewer Benefits,,,,,,,,
,Collab4Kids Promo Request (Michael promo list request),,,,,,,,
,PR/Alders - work with DOE to get something out?,,,,,,,,
,"eNews test + send dates (feature stories, Erin's past videos w discussion stimulators, interviews; beyond schedule + ticket info)",,,,,,,,
,Facebook events,,,,,,,,
,Program Media Packet,,,,,,,,
,AV/Tech Test verification?,,,,,,,,
,Schedule Program Prep Calls 1 week out,,,,,,,,
,Interns re-review advisory content info after watching their 2+ films/ea; may update the website film pgs as a result,,,,,,,,
,,,,,,,,,
,,,,,,,,,
,,,,,,,,,
,,,,,,ADD: (undated items — restored from original),,,
,,,,,Marketing/PR,ADD: Program Guide,Ana/Cesar,,
,,,,,Marketing/PR,ADD: Facebook events,Cesar,Decided 2/10/25; Cesar announced at 2/11 squad meeting,
,,,,,Marketing/PR,ADD: Program Media Packet,Erin/Ana,"Angelica completed + shared w team at squad meeting.
Ana to cross check Broken Flight, LVEJO, and update Lisa/Sue",
,,,,,Marketing/PR,ADD: Experiential thread,Ana,Ana is working on this now,
,,,,,Marketing/PR,ADD: Launch party invites out,Ana/Michael,Ana - in process per host meeting Doodle poll,
,,,,,Development,ADD: Funder assets review,Ana/Michael,Ana added request to Slack 2/11; mainly marketing/pr + AV/tech,
Fri,2/14/25,,,,All Team,Team add milestones to THIS TIMELINE for their area of work,ALL,,
,2/28/25,,,,Marketing/PR/Comms,"Logos from HOSTs approved in a folder for all movie posters, flyers",,,
Friday ,2/14/25,2/14/25,,,Marketing/PR/Comms,Filmmaker social media list ,Helen,View here,
Tues,2/18/25,,,,Hosts/Films/Programs,"Film Survey out to ""accepted""/scheduled filmmakers",Ana,Angelica and Ana,
Wed,2/20/25,,,,Marketing/PR/Comms,Chi Dept of Environment 2025 Letter of Support,Cesar,"Please obtain, post, and promote (per thread w Ana, Cesar, Lauren, Helen, Sophia Vela at DOE 2/11)",
Thurs ,2/21/25,,,,Hosts/Films/Programs,Outreach to facilitators,Ana,Ana/Angelica: inquire if they would do free of charge for a frontline site,
Fri ,2/21,2/21,,,Marketing/PR/Comms,"Work with student volunteer, review analytics from last three seasons and finalize social media, website, and advertising strategy . ",Helen,Collaborating with Josh and Cesar. See Preeti's report here. ,
Tues ,2/25,,,,OEL,COOP Feb Meeting,Laurie,,
Wed,2/26,,,,AV,Outreach to Filmmakers re final media formats + delivery,Garen,Pending Survey Responses,
Thurs,2/27/26,,,,A,Sue Crothers YFC Founding Director 30-60 sec pre-recorded remarks for Launch Party program,,,
Mon,3/3/25,3/4/25,,,Hosts/Films/Programs,"First draft of schedule, film + Eventbrite pages ready for internal review",Josh,,
Mon ,3/3,,,,AV,"Outreach to All Venues, Schedule Walkthroughs",Garen,,
Monday,3/3,,,,Hosts/Films/Programs,Eventbrite Pages Ready For Approval,Josh,,
Wed,3/5,,,,AV,Launch Party Content Edited & Finalized,Garen & Maari,,
Thurs,3/6,,,,Programming,Webinar 2 Topic: Programming,Ana,,
Mon,3/10/25,3/14/25,,,Marketing/PR/Comms,Big Splash - announce (first phase) OEFF2025 Schedule publicly,Cesar/Lauren/Helen,Announce but reserve for early bookings by sponsors/donors?,
Thurs,3/13/25,,,,Marketing,Webinar 3 Topic: Marketing.,Ana,,
Fri,3/14,3/13,,,PR,Blog post 1 (filmmaker interview or other request) ,Helen,Northwestern highlight ,
Tues,3/18/25,,,,Development/Events,Sponsorship deadline,Lucinda,,
Thurs,3/20,,,,Hosts/Films/Programs,"Update Film Event Pages w previous/standard navigation/filtering: films by date, AZ, topic, geography",Josh,,
Tues,3/18,,,,OEL,WEJA March Meeting,Laurie,,
Wed,3/19/25,,,,Hosts/Films/Programs,"Host Webinar Deck: Volunteers - ready for Thurs 3/20
VolunteerTrainingDeck ready for Thurs 3/20 webinar",Ana,,
Thurs ,3/20,,,,Hosts/Films/Programs,Facilitator follow-up/matching,Ana,,
Thurs,3/20/25,,,,Hosts/Films/Programs,FILM TWEAKS,Ana,"Ana to obtain permission/licenses for Little Village, Connecting Chicago Equiticity, Broken Flight . Ana to make YFC final tweaks based on fit for hosts/venues/audiences.",
Thurs,3/20/25,,,,Hosts/Films/Programs,Webinar 4: Volunteer Recruitment,Ana,,
Mon,3/20/25,3/21,,,Marketing/PR/Comms,First press release ready on or around this date,Helen,distributed to approx 300 contacts and posted to website ,
Fri,3/21,3/18,,,Marketing/PR/Comms,"Create Events for Facebook, LinkedIn, Patch.com ",Helen,See: https://www.facebook.com/events/calendar ,
Fri,3/21,4/1,,,PR,Promo Partner Outreach,Helen,"Promo Partner Folder, Promo Outreach Timeline ",
Mon,3/24/25,,,,Hosts/Films/Programs,FINAL deadline for very last hosts to be confirmed for OEC marketing toolkit + other support,Ana/Cesar/Josh,,
Tues,3/25/25,,,,Hosts/Films/Programs,"Pre-recording script - goal = 1 minute.
Schedule recording with Garen/Ana by 3rd week in March",Ana/Garen,Maari,
Tues,3/25/25,,,,OEL,COOP Mar Meeting,Laurie,,
Wed,3/26/25,,,,Hosts/Films/Programs,All film surveys complete - includes all assets delivered to AV/Tech + Marketing teams,Josh,Pls follow up on all film surveys that need to be turned in + ensure we have everything in terms of requested info and requested assets,
Wed,3/26/25,,,,Hosts/Films/Programs,SUG goes live publicly - big promo/recruitment push to fill all slots by 4/1 recruitment deadline,Josh/Angelica,,
Wed,3/26/25,,,,Marketing/PR/Comms,Print Flyers and Post Cards @ Build,Cesar,,
Wed,3/26/25,,,,Marketing/PR/Comms,Final Edit of Promo Video,Cesar,,
Mon,3/31,4/3,,,PR,Wednesday Journal Ad Reservation due ,Helen,$195 Wed Journal ad submitted,
Mon,3/31/25,,,,Hosts/Films/Programs,OEFF Reps recruited/confirmed w t-shirt size,Ana,,
Mon,3/31/25,,,,Hosts/Films/Programs,Facilitators confirmed,Ana,,
Mon ,3/31/25,,,,Hosts/Films/Programs,Launch Party Program Finalized,Ana,,
Thurs,4/10/25,,,,Hosts/Films/Programs,Launch Party Program Call,Ana,,
Mon ,3/31/25,,,,Volunteers,INTERNAL DEADLINE FOR HOSTS: Volunteers recruited/confirmed for each site w t-shirt size,Ana/Hosts,,
Tues,4/1/25,4/3,,,Marketing/PR/Comms,Invite alders and commissioners,Helen ,,
Fri,4/4/25,,,,AV/Tech (including media testing + verification,Webinar 5 - AV/Tech,Garen,,
Wed,4/9/25,,,,Hosts/Films/Programs,Filmmakers Toast Invites Out,Angelica,Ana provided training/input. Angelica pls push out no later than Wed 4/9,
Mon ,3/31/25,,,,Hosts/Films/Programs,Host + OEFF team program deadline,Ana/Angelica/HOSTS,,
Wed,4/2/25,,,,Volunteers,Volunteer Training Zoom (#1 of 2; volunteers only need to attend one date),Ana/Angelica,LUNCHTIME: noon-1P,
Thurs ,4/3/25,,,,AV/Tech (including media testing + verification,Accessibility Plan: Film/Program Content,Garen/Maari/Ana,"State of all film subs/captions (OPEN not closed captions)
Decide which events (1-2) will have LiveCaptioning + how we will handle (whether contractors for in-person, or something automated for one or both virtual events)",
Thurs ,4/3/25,,,,Hosts/Films/Programs,"Accessibility Plan: Seating, Hospitality",Ana/Angelica,,
Thurs ,4/3/25,,,,Volunteers,Volunteer Training Call Recording + Deck added to Volunteer Training Packet,Ana/Angelica,,
Mon ,4/7/25,,,,Hosts/Films/Programs,Facilitator prep call 1 (choice - only need to attend one),Ana,,
Mon ,4/7/25,,,,AV/Tech (including media testing + verification,Host Media Packet Delivery (a few days after the 4/4 AV/Tech Host Webinar),Garen/Maari,,
Mon,4/7/25,,,,Marketing/PR/Comms,"Host Venue Kit Materials (Tabletop Designs, T-Shirts, 
Program Guide, Printed Audience Surveys, Merch Sales Kit for all Venues)",Cesar,,
Mon ,4/7/25,,,,Hosts/Films/Programs,Programs complete/confirmed. Full descriptions posted to Film Pages + Eventbrite pages,Ana/Josh,Film programs are being developed + finalized on a rolling basis. Create process where program details are completed/described in HH + communicated to Josh so he can enrich Film Event + Ebrite pages accordingly,
Mon ,4/7/25,,,,Volunteers,Final (public) volunteer signup deadline (final volunteer training webinar is tomorrow 4/8 on Zoom in the evening),Ana/Angelica,,
Tues ,4/8/25,4/14,,,PR,"Filmmaker interview for ""When We Cycle""",Helen,Working with NU Cause Marketing,
Tues,4/8/25,,,,Hosts/Films/Programs,Venue Kit Collation at Solar Garage - Colation Session #1,Angelica/Team,**9:00 am- 12pm** Angelica pls help coordinate,
Tues,4/8/25,,,,Volunteers,Volunteer Training Zoom (#2 of 2; volunteers only need to attend one date),Ana/Angelica,EVENING: 6-7P,
Tues ,4/8/25,,,,Hosts/Films/Programs,Confirm accessibility supports/contractors,Garen/Ana,Reco Tina Dillon reporting service for Live Captioning,
Wed,4/9/25,,,,Hosts/Films/Programs,Venue Kit Collation at Solar Garage - Colation Session #2,Angelica/Team,**3:00 pm- 6:00pm ** Angelica pls help coordinate,
Wed,4/9/25,,,,Volunteers,Film-specific flyers sent to volunteers for their specific events,Cesar/Lauren/Helen/Angelica,,
Thurs ,4/10/25,,,,Hosts/Films/Programs,"Slide in Event Deck for each film, reflecting all the hosts coralling together for that slot, in a map view",Ana/Garen,"Consider a map view with points, and a zoom-in on a host venue photo, team photo, venue logo, some combo of these, etc",
Thurs,4/10/25,,,, Programming Check-In/Final Confirmations,Webinar 6,Ana,,
Thurs ,4/10/25,,,,Hosts/Films/Programs,Chat Logs for The Grab + Women of Carbon,Ana/Angelica,,
Thurs,4/10/25,,,,Development/Events,Presented by/Chat Links for specific sponsors at qualifying levels The Grab + Women of Carbon,Lucinda/Ana/Cesar,,
Thurs ,4/10/25,,,,Hosts/Films/Programs,Program slide decks,Ana/Angelica/Cesar/Garen/Lucinda,"Decks reflecting trailers, run of show, sponsors/grantors, program participants, actions",
Fri ,4/11/25,,,,Hosts/Films/Programs,"""Kit""/signage for t-shirt sales at launch, action fair, all events",Cesar/Ana,,
Mon ,4/14/25,,,,Hosts/Films/Programs,Facilitator prep call 2 (choice - only need to attend one),Ana,,
Mon ,4/14/25,,,,Marketing/PR/Comms,Deadline for Action Fair tablers to submit tabling requetss,Cesar,Submit final action table list to Lucinda/Juliana/Alex/Natalia at CCC,
Mon ,4/14/25,,,,Volunteers,"Ensure all Reg/Tix Sales volunteers have access to Ebrite + trainiing needed to serve in this role, swiping registered guests in + registering walk-ins as they arrive or after the fact from the walk-in sign-in sheets",Josh,,
Tues,4/15/25,4/14,,,PR,"Filmmaker interview for ""Cafeteria Man""",Helen,Working with NU Cause Marketing,
Tues,4/15/25,,,,Hosts/Films/Programs,Venue Kit Colation at Solar Garage - Colation Session #3,Angelica/Team,**1:30- 4:30 pm** Angelica pls help coordinate,
Tues,4/15/25,,,,OEL,WEJA April Meeting,Laurie,,
Mon,4/14/25,4/14/25,,,PR,Segment Pitch to news outlets ,Helen,,
Mon,4/14/25,,,,Hosts/Films/Programs,Wait List/Overflow Plan for specific events that are filling up,Ana,"Read Volunteer Training Packet for Sold Out/Overflow Protocols + provide materials, instructions to relevant sites/teams",
Thurs,4/17/25,4/17/25,,,PR,Media Advisory for Launch Party ,Helen ,,
Thurs-Sat,4/17/25,,,,Hosts/Films/Programs,Venue Kit pickup by OEFF Reps; must review contents ASAP and alert if anything is missing by Mon 4/21,Ana,"Specific Pickup Dates/Times, Thurs 4/17-Sat 4/19:
-Thurs 4/17 8:30 am-4:30pm 
- Fri 4/18 8:30 am-11:30 am 
- Sat 4/19 9:00am- 1:00pm 
Some pickups may be contactless/help yourself if Ana can't be onsite at points during the 3-day period",
Thurs,4/17/25,,,,Hosts/Films/Programs,"Filmmakers Toast Participants Finalized + videos either directly provided, or taped with OEFF tech for editing into pre-recorded FM toast video for launch party program",Angelica/Garen/Erin/Ana,,
Thurs,4/17/25,,,,Hosts/Films/Programs,Sue Crothers YFC Founding Director 30-60 sec pre-recorded remarks for Launch Party program,Ana/Garen,Pls obtain from Sue for launch program playlist,
Tues,4/29,,,,OEL,COOP April Meeting,Laurie,,
Mon-Mon,4/14-4/21,,,,Hosts/Films/Programs,Program prep calls for each of 22 events,Ana,"Ana to devise a schedule based on events schedule (first events have first prep calls, some prep calls might overlap w earliest days of fest)",
,4/22,4/23,,,PR,Media Advisory for Cultural Center ,Helen,,
Tues,5/20/25,,,,OEL,WEJA May Meeting ,Laurie ,,
,4/15/25,,,,Marketing/PR/Comms,Photo Bank Push before launch party,,,
,,,,,,,,,
,,,,,,,,,
,,,,,,,,,
,,,,,,,,,
,,,,,,,,,
,,,,,,,,,
,OTHER,,,,,,,,
,,,,,,,,,
,,,,,,,,,
,,,,,,,,,
2024 and previous below this line,,,,,,,,,
,May-Sept,,,,Dev,"Plan and implement first true ""Green Carpet Gala"" ",Natasha,"Koval Distillery has offered their space, but can only accommodate about 50 indoors - many more if using outdoor space. There may be better venues for the Gala. Consider using Koval (great space!) for a highly targeted stewardship event in late spring or early summer",
,7/1/23,,,,Dev,Gather sponsor/grantor lists for new fest season. Research new sponsors + grantors. ,Natasha,,
,8/1/23,,,,Dev,Finalize sponsor + grantor outreach list + script/template. Begin outreach for Apr fest. A month of coffees/virtual coffees with tease of upcoming fest season,Natasha,,
,10/1/23 to 2/1/24,,,,Films,"Research, identify + evaluate films for festival",Ana,"Review Team engagement + review process. Filmmaker/distribution company links procurement, communications (status of film in evaluation process), and license procurement for dates/times/# of total screenings per film. ",
,11/1/23,,,,Dev,"Begin solidifying confirmed sponsors/donors for upcoming fest. Those committing by year-end receive extra social media shout-outs, or some other key (but not costly to OEC) benefit/s",Natasha,,
,10/1/23,,,,Venues,First outreach to host venues,Ana,,
,11/1/23,,,,Venues,Second outreach to host venues,Ana,,
,12/1/23,,,,Venues,Third outreach to host venues,Ana,,
,1/15/24,,,,Venues,Finalize list of host venues (prep webinars begin in Feb),Ana,,
,1/8/24 to 2/13/24,,NA,,Dev,"Plan + implement Preview Party
PLANNING TIMELINE: Add link here",Natasha,,
,1/22/24,,1/24/24,,Dev,List ready for Preview Party,"Natasha, Board, Ana","List to include $500+ sponsors, $250+ members/donors, prospects, and key partners (eg City of Chicago, WBEZ, program partner activists)",
,1/23/24,,1/25/24,,Dev,Send Preview Party Invites to list; vary message by segment,"Natasha, Lisa, Ana",,
,2/1/24,,,,Dev,Send Preview Party first reminder,"Natasha, Lisa, Ana",,
,2/5/24,,,,Dev,Begin Launch Party planning (4/17/24 date),"Natasha, Juliana, Ana","Source venue, begin sourcing vendors
ADD LAUNCH PARTY MILESTONES OR LINK TO DOC WITH TIMELINE",
,2/5/24,,,,SQUAD,Squad Kickoff Mtg (or on 2/6 or 2/7),"Ana, Squad",,
,2/7/24,,,,Films,Film List Final/Licenses Secured,Ana,,
,2/8/24,,,,Marketing,Identify top 3 themes for attendees to vote on at Preview Party,"Cesar, Ana, Natasha/Juliana",,
,2/8/24,,,,Venues,Share film list with Venue Hosts for selection,,,
,2/9/24,,,,Dev,Send Preview Party second reminder,"Natasha, Lisa, Ana",,
,2/12/24,,,,Dev,"Send ""Know Before you Go"" email to registered Preview Party guests","Natasha, Lisa, Ana",,
,2/13/24,,,,Dev,"Send final ""Know Before you Go"" email to registered Preview Party guests: see you this evening!","Natasha, Lisa, Ana",,
,2/15/24,,,,Marketing/PR,Share photos + any social media highlights from Preview Party with Squad and Board,"Cesar, Helen",,
,2/15/24,,,,Marketing/PR,Gather/create a list with all zip codes & all phone #s,"Cesar, Lisa/Josh",,
,2/15/24-4/17/24,,,,Marketing,"Monthly eNews in Feb + Mar; 2-3 eNews/alerts in Apr in fest run-up.
ENEWS TIMELINE + CONTENT IDEAS: Add link here","Cesar, Lisa",,
,2/15/24,,,,Marketing,"Begin ""sustainability partners"" list cleanup/update",Ana/Maria/Cesar,"Include Alders, rep Sean Casten, Commissioner Kimberly DeBuclet, Dean, and Rolando Favela of MWRD, include young adult advisory boards (eg Delta Institute)",
,2/16/24,,,,Dev,"Thank you email to all registered Preview Party registrants and attendees. Tease launch party + full fest early access ticket benefit (what date available, etc). *Some portion of registrants and attendees are eligible for a certain # of free launch party tix.","Natasha, Lisa, Ana",Thank them for helping us pick the theme. Their voting card will also have a space for a write-in.,
,2/20/24,,,,Dev,Administrative closeout + wrapup report from Preview Party,"Natasha, Lisa, Ana",,
,2/20/24,,,,SQUAD,"Decide on OEFF2024 format: live, live hybrid, virtual?",SQUAD,,
,2/20/24,,,,Venues,Host venues & film selections confirmed,Ana,,
,2/21/24,,,,Marketing,Finalize OEFF2024 Theme,"Cesar, Helen, Ana","Start adding to signature stamps, fest outreaches + communications, website, social media announcement, eNEws announcement, thank you to all Prev Party attendees for their vote",
,2/22/24,,,,Marketing,"Develop + distribute SAVE THE DATE blurb to internal team, volunteers, all hosts, ""sustainability partners."" Request for organizations to include in their March eNewsletters to their constituents + followers. Decide on Call to Action: register for OEFF eNews list to be informed of schedule, tickets, program highlights and more","Cesar, Lisa",,
,3/7/24,,,,Venues,First host prep webinar,"Squad, Ana",Background and logistics,
,2/26/24,,,,Films/Programs,Begin programming film events,,"OEFF's events, host site events, virtual events",
,2/29/24,,,,Hosts,"Host ""Office Hours""","Squad, Ana",,
,3/1/24,,,,Tech,Finalize Location ,"Niko, Garen, Erin, Ana",,
,3/4/24,,,,Tech,Finalize Test Shoot Date,"Niko, Garen, Erin, Ana",,
,3/4/24,,,,Tech,Reach out to Ana about film files ,"Niko, Ana",,
,3/8/24,,,,Tech,Filll Tech Positions ,"Niko, Garen, Erin, Ana",,
,,,,,Tech,Have a rough idea of what content we will be shooting ,"Niko, Garen, Erin, Ana",,
,3/13/24,,,,Tech,Have meeting with entire production team,Production team,,
,3/10/24,,,,Marketing,"Finalize list of ""sustainability partners"" for outreach",Ana/Maria/Cesar,"Include Alders, rep Sean Casten, Commissioner Kimberly DeBuclet, Dean, and Rolando Favela of MWRD, include young adult advisory boards (eg Delta Institute)",
,3/5/24,,,,Marketing,Pre-fest Promo Video created + distributed,Cesar,"Can start teasing the fest with ""early access"" only to get folks to become sponors/members/donors in order to obtain early access tix starting 3/4/24",
,3/6/24,,,,Marketing,"Develop + distribute marketing toolkit to internal team, volunteers, all hosts, ""sustainability partners."" Request for organizations to include in their April eNewsletters to their constituents + followers",Cesar,"9 days before public ticket access
Include promo video for their use/to link to, etc",
,3/7/24,,,,Venues,Second host prep webinar,"Squad, Ana","Marketing
MOVE THIS BACK to 5 weeks before fest opens?",
,3/8/24,,,,Reviewers,Deadline for reviewers to select their 5+ and 10+ benefits,"Ana, Dev, Monique",,
,3/11/24,,,,Films/Programs,Deadline for film programs,Ana,"OEFF's events, host site events, virtual events",
,3/11/24,,,,Marketing/Films/Programs,Schedule final (including venue hosted events) and posted online for EARLY ACCESS GROUPS WITH CODE. This includes FILM REVIEWERS for 5+ and 10+,"Cesar, Lisa, Ana",10 days before public ticket access,
,3/13/24,,,,Marketing/Films/Programs,"Full descriptions of film programs + ""venue highlights"" added to schedule.","Cesar, Lisa, Ana","1 day before public ticket access
Amp up what is unique or cool about each host venue's screening",
,3/14/24,,,,Marketing/Films/Programs,Schedule (including venue hosted events) opened up + broadly announced/promoted for all audiences,"Cesar, Lisa, Ana",Almost 5 weeks (34 days) till OEFF2024 opens,
,3/18/24,,,,Reviewers,Send ,,,
,3/18/24,,,,Films/Programs/Marketing,Event decks started (3-4 week timeline); finals due 4/11/24,"Ana, Cesar",,
,3/18/24,,,,Dev-Sponsors,Final sponsor deadline,"Natasha, Ana",1 month out,
,3/21/24,,,,Venues,Third host prep webinar,"Squad, Ana","AV/Tech
MOVE THIS BACK to 2 weeks before fest opens
ADD a host webinar that focuses on PROGRAM - helpful this year as folks jump out + dive down",
,4/5/24,,,,Hosts,10 second host venue videos due to Tech,Tech,Include in media packet for hosts to play along with other pre-film content,
,4/1/24,,,,Tech,Finish Trailer Reel,Niko,,
,4/10/24,,,,Marketing,Fest week video created and provided to AV/Tech,Cesar,,
,,,,,,Final host prep session: Office Hours,,"Office hours for questions, concerns, troubleshooting, tips, etc
MOVE THIS TO 10 DAYS BEFORE FEST OPENS?",
,4/11/24,,,,Films/Programs,Event Decks complete,Ana (Cesar),,
,,,,,,,,,
,,,,,,,,,
,,,,,,,,,
,,,,,,,,,
,,,,,,,,,
,,,,,,,,,
,,,,,,,,,
,,,,,,,,,
,,,,,,,,,
,,,,,,,,,
,,,,,,,,,
,,,,,,,,,
,,,,,,,,,
,,,,,,,,,
,,,,,,,,,
,,,,,,,,,
,,,,,,,,,
MILESTONES FROM 2024 AND PREVIOUS FESTS - RELEVANT FOR PLANNING; DO NOT DELETE,,,,,,,,,
,2/20/2023,,,,Programs/Marketing,OEFF Voice Role/Doc updated for current season,Cesar/Huan,,
,7/15/2022,,9/20/2022,,Films,Film review process begins,Ana,Film review phase mid July to mid Oct; venues recruited starting Oct,
,9/1/2022,,11/14/2022,,Programs,Venue Host Recruitment,Ana,Incentive for signing up by year-end (12/31) - maybe $200 off the $1200 Venue Host fee,
,9/15/2022,,12/6/2022,,Dev,Sponsor Recruitment Begins,Riley/Christy,Incentive for signing up by Halloween; another for year-end (Phase 1 through 10/31; phase 2 through 12/31) OR move up to summer?,
,10/1/2022,,12/12/2022,,Dev/Mktg,Preview Event planning,Riley/Christy/Cesar,,
,10/1/2022,,1/3/2023,,Dev/Programs,Launch Party planning,Riley/Christy,,
,10/1/2022,,11/23/2022,,Films,Preliminary List Cuts - Short List,Ana/Huan,,
,10/15/2022,,11/30/23,,Films,Final List Cuts,Ana/Huan,,
,11/1/2022,,1/20/23,,Films,License approvals on Final List,Ana/Huan,,
,11/1/2022,,11/7/2022,,Org,Squad start/restart date,Ana,,
,11/1/2022,,12/19/2023,,Dev/Mktg,"Preview Event venue secured, finalize + implement plan",Riley/Christy,,
,11/1/2022,,2/12/23,,Dev/Programs,"Launch Party venue secured, finalize plan",Christy/Ana,,
,11/1/2022,,12/16/2022,,Programs,City of Chicago partnership meeting outreach + letter of support request,Ana/Cesar,,
,11/1/2022,,12/7/22,,Mktg,Theme Brainstorm session,Cesar,,
,11/7/2022,,11/7/2022,,Org,Squad kickoff meeting,Ana,,
,11/10/2022,,11/23/22,,Org,Season of Giving ad: Wednesday Journal,Riley/Christy,2022 ad: https://issuu.com/wednesdayjournal/docs/gcm_seasonofgiving_2022,
,11/15/2022,,1/30/23,,Venues,Early venue hosts outreach with $200 credit incentive for committing by year-end,Ana,,
,11/15/2022,,Skipped,,Mktg,Dominican U Arts & Minds ,Cesar,,
,11/15/2022,,12/15/22,,Mktg,Theme Decision,Cesar,,
,11/15/2022,,11/15/2022,,Dev/Mktg,Giving Tuesday 1,Riley,Email,
,11/20/2022,,12/20/22,,Films,Final Film List,Ana/Huan,,
,11/20/2022,,12/17/21,,Mktg,Theme Announcemt-Internal,Cesar,"Squad, board (+ add planning team/volunteers)
",
,11/23/2022,,11/23/2022,,Dev/Mktg,Giving Tuesday 2,Riley/Christy,Email + social posts,
,11/29/2022,,11/29/2022,,Dev/Mktg,Giving Tuesday 3,Riley/Christy,Email + social posts,
,12/1/2022,,12/20/22,,FIlms,Starting to send film acceptance emails,Ana/Huan,,
,12/9/2022,,12/16,,Dev/Mktg,Year-End Appeal 1,Riley/Christy,,
,12/15/2022,,1/12/23,,Programs,"City of Chicago partnership meeting (complete) + follow ups needed: letter of support, alders list/approach, other marketing, program participation",Ana/Cesar,"Awaiting reply re opportunities, letter request, alder request",
,12/15/2022,,1/3/2023,,Films,"""Final"" Mar/Apr Schedule",Ana/Huan,,
,12/18/2022,,1/9/22,,Mktg,Theme announcement-external,Cesar,eNews + social media - how early is too early to announce the season's theme? Announce between TGiving/Holidays or save for big splash in Jan?,
,12/26/2022,,12/27/23,,Films,Starting to send film rejection emails,Ana/Huan,,
,12/27/2022,,12/27/2022,,Dev/Mktg,Year-End Appeal 2,Riley/Christy,,
,12/30/2022,,,,Mktg,Review options + make final decision for theme brand imagery/look,,,
,12/30/2022,,Skipped,,Dev/Mktg,Sponsor early deadline,Riley/Christy,,
,12/31/2022,,Skipped,,Venues,Early venue host commitments due,Ana,,
,1/3/2023,,1/4/23,,Dev/Mktg,Year-End Appeal 3,Riley/Christy,,
,1/6/2023,,1/10/2023,,Programs,Facilitator Outreach,Ana,,
,1/6/2023,,1/30/23,,Venues,Venue Host Outreach,Ana/Huan/Team,,
,1/6/2023,,"In process 2/8 still missing Mardi, Falconer",,Films,Film Survey complete for all films,Ana/Huan,Pls send reminder messages to all outstanding films/film contacts 1/4,
,1/6/2023,,1/25/23,,Programs,Finalize children's films + obtain licenses,Ana/Huan,,
,1/6/2023,,1/4/2023,,Mktg,2023 Laurels,Cesar,Trying for 12/31 as a goal,
,1/6/2023,,1/30/23,,AV,Film upload portal set up ,Garen,In time for filmmaker outreach on 1/9,
,1/9/2023,,2/13/23,,PR,WBEZ contract finalized,Cassandra/Helen/Jodi,finalized,
,1/9/2023,,In process with in-person additions 2/15,,Films,Film licenses complete,Ana/Huan,,
,1/9/2023,,In process-light greens,,Films,All film declines/acceptance-licenses complete,Ana/Huan,"Elemental, Children's Films, Endangered Generation/To the End outstanding",
,1/9/2023,,1/11/23,,Mktg,eNews timelines for Jan-May issues,Cesar,,
,1/9/2023,,1/9/2023,,Mktg,Jan eNews: Jan 19 - Preview Party Announcement,Cesar,"Theme announcement w button explaining why, preview event pre-announcement (recruit members, sponsors), venue solicitation w 1/20 deadline, a day in the life of a film reviewer w stats, featured article Let's Get Loud about Cook Cty FP. ",
,1/9/2023,,1/10/23,,Dev,Preview event invitation out,Riley,,
,1/10/2023,,In process,,Dev,"MEMBERSHIP Fest Benefits - plan Fest Pass/lanyard, decal, and letter mailing + dates for receipt in early to mid Feb",Riley/Carolyn,"Begin planning, timeline decisions, and implementation earlyl in 2024. Can happen in Dec as well, as soon as the fest theme is selected.",
,1/10/2023,,1/10/2023,,Programs,YAC Meeting Outreach/Reactivation,Ana,"Weekly meetings, mid Jan through early Mar",
,1/11/2023,,1/17/23,,AV/Mktg/Prg,Process/shared drive locations for all film assets,AV/Mktg/Prg,,
,1/11/2023,,1/25/23,,AV/Mktg/Prg,Process/shared spreadsheets for all film/events support info,AV/Mktg/Prg,,
,1/11/2023,,1/11,,PR/Mktg,Press release: Theme + early/top sponsors,Cassandra/Helen/Cesar, https://www.oneearthfilmfest.org/press-inquiries,
,1/12/2023,,1/13/23,,Dev/Mktg,Year-End Appeal 4,Riley/Christy,,
,1/17/2023,,2/6/23,,Programs,All Programs started,Ana/Huan,Re-engage YAC w meeting schedule + program goals,
,1/17/2023,,1/19/23,,Mktg,OEC Youth Ambassador Recruitment,Cesar,,
,1/17/2023,,1/30/23,,Mktg,Fest Booster Recruitment,Cesar,,
,1/17/2023,,,,OEL,Recruitment blurb due for GWS network,Laurie,,
,1/17/2023,,,,PR,Secure national media sponsor,Cassandra/Helen,,
,1/17/2023,,1/18/23,,Programs,Facilitator Survey response reminder,Ana/Huan,,
,1/17/2023,,1/20/23,,Programs,Reach out for meeting with Jen Walling's team at IEC regarding policies we can add to OEFF programs as actions (and what we can say for how folks in other states can support similar policies),Ana/Huan,"Huan, Ana, Jeff Shelden/IEC met 2/2 to make a plan for incorporate Take Actions + discuss early thoughts on benefits (sponsor logo, tabling, panel at appropriate film)",
,1/18/2023,,1/18/23,,Dev,Preview event invite reminder,Riley,Can we have another reminder before the 1/25 virtual RSVP date? (Ana) We are sending a reminder with the link 1/23. Does this work? (Riley),
,1/19/2023,,1/22/23,,Programs,YAC Meeting Schedule Set + Invites/Zoom Links/Film Links Sent Out,Ana,,
,1/19/2023,,In process,,Programs,Facilitator Confirmations,Ana/Huan,,
,1/19/2023,,1/19/2023,,OEL,January COOP meeting,Laurie,,
,1/19/23,,1/19/23,,Mktg,Jan 19 - Preview Party Standalone Announcement,Cesar,,
,1/20/2023,,1/19/23,,AV/Mktg/Prg,Ticket (+ virtual events support) platform decided/ready  - Eventive vs Eventbrite/Vmix/Vimeo,Garen/Lisa/Ana,"March decision to stay w Eventbrite + Vmix/Vimeo
Will assess whether to pilot Eventive for Apr, starting 3/20",
,1/20/2023,,2/7/23,,Venues,Final venue host commitments,Ana,,
,1/20/2023,,1/20/23,,Films/Programs,Draft Early Tix Access info to Preview Event Guest List + qualifying film reviewers,Ana/Lisa/Christy/Riley,Can Lisa start a draft based on last year's message?,
,1/20/2023,,1/22/23,,Dev,Preview event invite reminder 2,Riley,,
,1/20/2023,,,,Programs,Final Film Survey Deadline w Deliverables,Huan (+Ana/Sophia),,
,1/23/2023,,1/25/23,,Programs,"Preview Event program final + files, equipment needed ready to go",Ana/Huan,,
,1/23/2023,,1/26/23,,AV,Preview Event site visit/tech check,Garen,"At least 1 week out. Check on setup, internet strength, equip needs",
,1/23/2023,,1/25/23,,Programs,Preview Event program components delivered/ready,Ana/Huan,,
,1/23/2023,,2/3/23,,Venues,"Venue Host Commitments w Film Choice, Host info packet, webinar schedule",Ana/Huan/Team,,
,1/23/2023,,1/25/23,,Mktg,Promo Video,Cesar,,
,1/23/2023,,1/2323,,Programs,"Preliminary schedule w live hybrid, virtual hybrid + 3 special events",Ana/Huan,,
,1/23/2023,,1/30/23,,Mktg,OEC Youth Ambassadors Recruited/Prepped for Campaigns,Cesar,,
,1/23/2023,,2/3/23,,Mktg,Fest Booster/OEFF Ambassadors Recruited/Prepped for Campaigns,Cesar,,
,1/23/2023,,1/23/23,,Dev,Virtual Preview Event link/reminder sent to non-RSVP and virtual preview group,Riley/Christy,,
,1/23/2023,,,,OEL,GWS prospective partner outreach,Laurie,,
,1/23/2023,,1/26/23,,Dev/Programs,Signup Reminder to Preview Party Volunteers,Riley/Ana,,
,1/23/2023,,,,Programs,Preliminary Programs completed,Ana/Huan,,
,1/24/2023,,1/24/23,,Programs,3 Premium Programs/Events,Ana/Huan,,
,1/24/2023,,1/24/23,,Dev,Possible final preview event invite reminder,Riley,,
,1/24/2023,,1/25/23,,Mktg,"Film pages: schedule, AZ, topic, ""advisory"" key-code",Ana/Huan/Lisa/Cesar,,
,1/24/2023,,2/3/23,,Venues,Host Helpers completed + sent to each Venue Host,Ana/Huan,,
,1/24/2023,,2/1/23,,Mktg,"March Marketing Toolkits + EVENT BLURBS complete + distributed/posted (board, squad, team, Youth Ambassadors, Fest Boosters/OEFF Ambassadors)",Cesar,,
,1/24/2023,,,,Mktg,Partner Marketing Outreach Request 1,Cesar,,
,1/24/2023,,1/24/23,,Dev,Know Before You Go email for Preview event,Riley,,
,1/24/2023,,2/13,,Programs,Facilitator Assignments confirmed,Ana/Huan,,
,1/25/2023,,1/25/23,,Mktg,Promo Video to Gorton Center for Mountainfilm trailer reel (and others films?),Cesar/Ana,,
,1/25/2023,,1/25/23,,Dev/Programs,Final info/confirmation/details to Preview Party volunteers ,Riley/Ana,,
,1/25/2023,,1/25/23,,Dev,Virtual Preview Event link/reminder sent to non-RSVP and virtual preview group,Riley/Christy,,
,1/25/2023,,1/25/23,,Mktg,Early Access Ticket pages final/ready,Cesar/Lisa/Riley-Christy,Due 1/25 latest,
,1/25/2023,,1/25/23,,Films/Programs,Finalize Early Tix Access info/Email to Preview Event Guest List + qualifying film reviewers,Ana/Lisa/Christy/Riley,,
,1/25/2023,,2/8/23,,PR/Mktg,"Press release: schedule announcement, preview event. *Special news about events/venues, etc",Cassandra/Helen/Cesar,https://www.oneearthfilmfest.org/press-inquiries,
,1/26/2023,,1/26/23,,Dev,"""In a few hours"" Virtual Preview Event link/reminder sent to non-RSVP and virtual preview group",Riley/Christy,,
,1/26/2023,,1/25/23,,Marketing,Fest schedule announcement on website + social,Cesar/Lisa,"Fest schedule online but password protected for early-access group (Preview audience of members Cast+, donors, sponsors, prospects)",
,1/26/2023,,,,Programs,"Preliminary Launch Party Program, including vitual program details",Ana/Huan,,
,1/26/2023,,1/26/2023,,Dev/Team,Preview Event,Riley/Christy,,
,1/26/23,,1/26/23,,Mktg,Jan 26 - E News & Film Schedule Announcement,Cesear,,
,1/27/2023,,,,Dev,Sponsor commitment deadline,Riley/Christy,,
,1/27/2023,,1/27/23,,Dev,"Early AM email to all Preview Event invitees PLUS all members and eligible film reviewers (<latter list to come from Ana), with early access ticket booking info + instructions",Riley/Christy,,
,1/27/2023,,,,AV,All film files received - Mar + Apr,Garen,,
,1/30/2023,,1/27/23,,Venues,First stab at updated/revised Venue Host webinar decks,Ana/Huan,See 2022 Decks here to plan curriculum and create updated decks for 2023 Venue Host trainings/webinars,
,1/30/2023,,,,AV/Prg,Film Files Mar + Apr - check status/deliverables; close gaps,Garen/Huan,,
,1/30/2023,,2/3/23,,Programs,"Final schedule w live hybrid, virtual hybrid + 3 special events",Ana/Huan,Venue host March events still being added through 2/10/23,
,1/31/2023,,2/6/23,,Programs/Mktg,T-shirt order placed with Eco Promotions at 10% January discount; see if we can get some for our 1/26 Preview Party. Also compare pricing with other WO- and BO-businesses,Ana/Cesar/Sophia,Ana connected Estelle + Cesar around updating our t-shirt design; wanting to have on hand/ready for possible Loyola screening 2/21,
,2/1/2023,,2/1/23,,Venues,Venue Host Webinar Sched (w topics) + shared with confirmed Venue Hosts,Ana/Huan,,
,2/1/2023,,2/3/23,,Venues,Venue Host Webinar Decks Complete,Ana/Huan,"Include volunteer training for on-site vols.
See 2022 Decks here to plan curriculum and create updated decks for 2023 Venue Host trainings/webinars",
,2/2/2023,,2/9/23,,Mktg/Prg,Mktg Partner Lists,Ana/Cesar,Ana provided to Cesar 2/9,
,2/3/2023,,2/3/23,,Venues,Venue Hosts: Webinar 1 - Programming & Logistics,Ana/Huan,Lunchtime webinar; recorded for those who can't make it,
,2/3/2023,,2/3/23,,Mktg,"Public Ticket pages published with virtual + in-person venues, special events, and program descriptions",Cesar/Lisa,,
,2/3/2023,,Completed-date?,,Mktg,"Facebook Event pages for March events - incl cohosts, tags, invites by all team members, Ambassadors, marketing partners, etc",Cesar,"Should these be ready earlier, like w early ticket access launch 1/27? Or will that be confusing bc general public can't yet book tix until 2/3?
2/9: Ana reminded Cesar to keep checking the Host Venues tab in Roadmap to ensure all films + hosts have a FB Event",
,2/3/2023,,2/8/23,,Dev/Mktg,Sponsor final deadline; move prospects on to sponsorship for April Fest,Riley/Christy,Christy sent survey to provide last info/materials,
,2/27/23,,,,Programs,Facilitator Prep/Training call - March events (will record),Ana/Huan,,
,2/3/2023,,,,Marketing ,Text campaign 1,Cesar,,
,2/3/2023,,2/9/23,,Dev,Launch Party - preliminary list pull,Riley/Christy,"Pls share list with Fundraising Team before sending
*Ana/Joanna working to forward to prospects, key partners not on the list",
,2/3/2023,,,,Films/Programs,Launch Party benefit to qualifying film reviewers,Ana/Lisa/Christy/Riley,Decide benefit; Ana to forward Riley's message to eligible Film Team members,
,2/3/23,,2/3/23,,Mktg,Feb 3 - Public Ticket launch,,,
,2/3/23,,2/15/23,,AV,Host AV Toolkit,Garen,Garen was working on this 2/8,
,2/3/23,,2/3/23,,Venues,OEFF Reps - all milestones calendarized,,"2/6 Planning Team + Germaine email: OEFF Rep signup (pattern on last year) + SUG sheet (don't double book yourself)
2/13 Cal Invite for 2/24 Vol/OEFF Rep Training
2/17 Reminder for 2/24 Vol/OEFF Rep Training
2/23 Reminder for 2/24 Vol/OEFF Rep Training",
,2/6/2023,,,,Mktg,Partner Marketing/Fest Booster/Youth Ambassador Outreach Request 2,Cesar,Sophia,
,2/6/2023,,,,Marketing ,Postcards? Text campaign?,Cesar,,
,2/6/2023,,,,OEL,Reach out to Monique re Lumpkin N Lawndale Fresh grant meeting; try to meet by mid Feb,Laurie/Ana,,
,2/6/23,,2/7/23,,Volunteers,Volunteer Recruitment Emails/Posts,Ana/Sophia,"Send SignUp Genius to special groups - Bosch, Jacob, Shane, Cecilia Torres/Todd Belcore (SocialChange), blue highlighted list in Cesar-Ana 1:1 notes. Add old volunteer database + Tau Gamma if need be.",
,2/6/23,,2/7/23,,Vols,"OEFF Rep recruitment: Planning Team, Germaine, Film Reviewers (w 2-step Rep/Venue Kit Assembly instructions). Send OEFF Rep/VKassembly + SUG signup (do not double book yourself!)",Ana/Sophia,"""Volunteers"" for various roles ",
,2/7/2023,,,,OEL,USDN grant proposal due,Laurie,,
,2/7/2023,,2/10/23,,Mktg,Event Marketing Opportunity: Chicago Food Policy Action Council 18th Annual Food Justice Summit + film event at Chicago Cultural Center on 2/7 from 5:30-8PM ,Cesar,"From Stef Funk: ""If you have the capacity to promote that at the summit, we have tabling opportunities! The virtual tabling option requires no staff, so if you give me links with info about the fest, we can build you a virtual expo booth within the platform! (Booths are priced sliding scale, you can select $0 as your price if that's what makes the most sense for OEF!)""
Cesar -- do we have volunteers we might want to send for tabling at this event? Would we want to have postcards or just a QR code and table display to spread the word about OEFF2023?",
,2/7/2023,,2/10/23,,Dev,Launch party ticket sales email,Riley/Christy,,
,2/8/2023,,In process,,Vols,"Squad Chat Monitor, OEFF Voice, and Amplifier roles signup",Ana,"""Volunteers"" for various roles 
Ana sent signup sheet (Roadmap programs tab, blue columns); need to remind group until we are set/filled",
,2/8/2023,,2/8/23,,Venues,Venue Hosts: Webinar 2 - Marketing,Ana/Huan,Lunchtime webinar; recorded for those who can't make it,
,2/8/2023,,,,Programs,Preliminary draft of new event script in slide notes for screening deck(s),Huan,"Trim pre-film down to 5 min
Suggest creative approaches for post-film discussion, action, TY/final slide(s)",
,2/8/2023,,2/10/23,,Dev,"Launch party benefits to donors, members, sponsors",Riley/Christy,,
,2/8/2023,,,,Dev,Launch party ticket sales email,Riley/Christy,,
,2/9/23,,2/9/23,,Mktg,"Feb 9 - E-News
Ideas: Filmmaker interviews, policy/local campaigns, preview panelists + partners who are part of our events, check w Christy +",,,
,2/10/2023,,,,Programs,IEC Sponsor - alert Christy; determine agreement/benefits,Ana,"$1000 level?
Push out to their list for Mar + Apr?
They advise for our Take Action slides w Huan
We add as a tabler and/or panelist at appropriate film (see topics)",
,2/10/2023,,,,Programs,Deck templates drafted,Ana/Huan,"Pls work with Cesar in terms of branding/colors/fonts needed; pls use 2022 event decks as starting point in terms of general structure, etc",
,2/10/2023,,,,AV,"All film files dowloaded, tested - Mar + Apr films. Includes all YFC film pairings",Garen,,
,2/10/2023,,,,Dev/Mktg,Sponsor PSAs confirmed + delivered March,Riley/Christy,,
,2/10/2023,,,,Dev/Mktg,Sponsor remarks confirmed/slotted March,Riley/Christy,,
,2/10/2023,,,,Programs,Program Confirmation emails for March,Ana/Huan,,
,2/13/2023,,,,Programs,All Programs completed,Ana/Huan,,
,2/13/2023,,,,Programs,Filmmaker Appearance Announcements,Ana/Huan,,
,2/13/2023,,2/8/23,,Programs,"Final Launch Party Program, including virtual program details",Ana/Huan,"Lisa updated website, Riley updated Evenbrite ticket pages for all groups (incl comps, discounts, etc)",
,2/13/2023,,,,Dev/Mktg,Sponsor film matching complete,Riley/Christy,,
,2/13/23,,2/8/23,,Volunteers,"Volunteer Training webinar link to Venue Hosts for their volunteers to attend (in email,  calendar invite, on HH, training deck)",Ana/Sophia,"Forward link + calendar invite
Resent to Hosts, Team, and SUG/OEFF Rep Signups 2/15",
,2/13/2023,,2/15/23,,Volunteers,"Send to Volunteers--Volunteer Prep Call/Training Webinar: Cal Invite w Zoom Link
*Send to Venue Hosts as well
*Send to OEFF Reps as well",Sophia/Ana,,
,2/13/2023,,,,Programs,"Final updated event script for slide notes in screening deck(s) -- ensure this is applied when completing decks on milestone dates 2/17, 2/22 and 2/27",,"Trim pre-film down to 5 min
Incorporate creative approaches for post-film discussion, action, TY/final slide(s)",
,2/14/2023,,,,Programs,Deck Template Final,Huan,,
,2/14/2023,,2/17/23,,Venues,"Gather supplies/printouts, etc for Venue Kit Collation",Ana/Sophia,,
,2/15/2023,,,,Mktg,Fest Week Video,Cesar,,
,2/15/2023,,2/22/23,,Mktg,Post-Fest Season Audience Survey,Cesar,,
,2/15/2023,,,,PR,Press release 2,Cassandra/Helen,,
,2/15/2023,,2/15/23,,Venues,"Venue Hosts: Webinar 3 - AV/Tech, Volunteers",Ana/Huan,Lunchtime webinar; recorded for those who can't make it,
,2/15/23,,,,Mktg,End of Feb/early Mar FIP Eco Ambassadors,Cesar,Is this a good date?,
,2/15/23,,,,Mktg,Check w Field Museum ambassadors,Cesar,Is this a good date?,
,2/15/23,,,,Mktg,Check w Calumet In My Backyard group ,Cesar,Is this a good date?,
,2/15/23,,,,Mktg,Alders campaign,Cesar,Is this a good date?,
,2/15/23,,2/16/23,,Dev,Design/order member fest passes/lanyards + window clings for mailing,,,
,2/16/2023,,,,OEL,February COOP meeting,Laurie,,
,2/16/2023,,,,Dev,Launch party ticket sales email/reminder,Riley/Christy,"Schedule another 1-2 reminders for sales, as well as for registrants (virtual link, know before you go)",
,2/17/23,,2/17/23,,AV/Tech/Programs,"Venue walk-throughs/tech visits complete (launch, live hybrid, V&B, special venue hosts-March)",Garen/Erin,"By mid Feb, please complete all site visits (and preliminary tech tests) for March live hybrid and View & Brew events ",
,2/17/2023,,2/22/23,,Mktg,"Program Guide ready/posted, distributed",Cesar,,
,2/17/23,,2/17/23,,Venues,Venue Kit collation 1,Sophia/Ana,1-4P Solar Garage,
,2/17/2023,,,,Programs,"Decks complete for events 1-3, including Take Action slides, needed sponsor/grantor + venue host logos",Huan,15-16 days out,
,2/17/23,,2/15/23,,Volunteers,"Reminder 1: Volunteer Prep Call/Training Webinar on 2/24
*Send to Venue Hosts as well
*Send to OEFF Reps as well",Sophia/Ana,,
,2/17/23,,,,Volunteers,Volunteer + OEFF Rep Training Deck Drafted,Sophia/Ana,,
,2/17/2023,,,,Marketing,Text campaign 2,Cesar,,
,2/17/23,,2/23/22,,Vols,OEFF Rep confirmations ,,,
,2/20/2023,,,,Venues,OEFF Rep Training Deck (on back half of Volunteer Training deck),Ana/Huan,Part of Volunteer Training Deck/Session,
,2/20/2023,,,,Venues,Venue Host programs complete,Ana/Huan,,
,2/20/2023,,,,AV,All PSAs tested March,Garen,,
,2/20/2023,,,,Dev/Programs,Sponsor tabling slots confirmed,Ana/Christy,"If need more time, can have until 2/23 latest",
,2/20/2023,,,,Programs/Mktg,"Host Venue Logos for Event Decks, Program Guide + Website",Ana/Cesar/Sophia,Upload link added to HH 2/8,
,2/20/2023,,,,Programs,"All Launch Party Program components ready, any files delivered to Garen",Ana/Sue-Lisa,"Sue will send her 1 min prerecorded YFC video
Revolution Dance YFC film file - DL/test
Wood Hood film file - DL/test
Trailer reel from Niko/Garen
Event deck for FM toast + main party program",
,2/20/2023,,,,AV,"All tech/stream tests complete, March",Garen,,
,2/20/23,,2/20/23,,Logistics,Venue Kit collation 2,,9A-12P or 1P-4P Solar Garage,
,2/20/2023,,,,Dev,Launch party reminder emails,Riley/Christy,,
,2/20/2023,,,,Mktg,Partner Marketing/Fest Booster/Youth Ambassador Request 3,Cesar,,
,2/20/23,,,,Vols,OEFF Rep intros to Venue Hosts (w Host Helper),,,
,2/21/2023,,,,Marketing,Set up digital dashboard (QR code + bit.ly links to landing page for each in-person screening event),Cesar,,
,2/22/2023,,2/22/23,,Programs/Mktg,Volunteer t-shirt order received - 130 tees?,Ana/Cesar/Sophia,,
,2/22/2023,,,,Programs,"Decks complete for events 4-7, including Take Action slides, needed sponsor/grantor + venue host logos",Huan,11 to 14 days out; can be done on a rolling basis - pls alert me for decks done earlier than 2/22 so we can push out to program teams,
,2/22/2023,,2/22/23,,Venues,"Venue Hosts: Webinar 4 - Last notes, prep, office hours/questions",Ana/Huan,"Lunchtime webinar; recorded for those who can't make it.
Need to push back Dev meeting to 1P?",
,2/22/23,,2/23/23,,Dev,"Mail member fest passes/lanyards + window clings to all members, with letter from Christy or Riley or Ana, in time for fest",,,
,2/22/23,,2/23/23,,Volunteers,"Reminder 2: Volunteer Prep Call/Training Webinar on 2/24
*Send to Venue Hosts as well
*Send to OEFF Reps as well",Sophia/Ana,,
,2/22/2023,,2/22/23,,AV/Programs,2023 Prerecording Session,Garen/Niko/Ana,Final prerecording edited + ready for use by 3/1,
,2/23/23,,2/23/23,,Venues,Venue Kit collation 3 - final!,,9A-12P Solar Garage,
,2/23/2023,,,,Dev,Launch party reminder emails,Riley/Christy,,
,2/23/2023,,,,Volunteers,Volunteer + OEFF Rep Training Deck Final,Sophia/Ana,,
,2/24/23,,,,Venues,Venue Kits ready for pickup by OEFF Reps,,,
,2/24/2023,,,,OEL ,Target first meeting w GWS leader groups,Laurie,,
,2/24/2023,,,,AV,All March shows built-virtual + in person,Garen,,
,2/24/23,,,,Mktg,"Feb 24 - E News
Ideas: low ticket counts - promote!",,,
,2/24/23,,,,Mktg,Mar Trailer reel for pre-show; incl YFC full promo?,,,
,2/24/2023,,,,Volunteers,Volunteer Prep Call/Training Webinar,Sophia/Ana,,
,2/27/2023,,,,Dev/Programs,"Deadline to connect w sponsors giving intro remarks (growing, presenting, leadership only) re logistics for delivering through virtual stream",Ana/Christy,"Sponsors need to arrive during program team check in on Zoom, do sound check, and deliver marks when Ana invokes them online",
,2/27/2023,,,,Programs,Group chats for March events,Ana/Huan,,
,2/27/2023,,,,Dev,Launch Party - final list pull (may have stragglers in the 1-2 days prior to event),Riley/Christy,,
,2/27/2023,,,,Dev/Programs,Launch Party - guest/host matchlist,Ana/Huan/Riley/Christy,,
,2/27/2023,,,,Programs,"Decks complete for events 7-11, including Take Action slides, needed sponsor/grantor + venue host logos",Huan,9 to 13 days out; can be done on a rolling basis - pls alert me for decks done earlier than 2/27 so we can push out to program teams,
,2/28/2023,,,,Programs,Weeklong: prep calls for March events (schedule is here),Ana/Garen,"Prep calls take place 2/28, 3/1, 3/2, 3/6",
,2/28/2023,,,,Programs,Participant Survey,Ana/Huan,,
,2/28/2023,,,,Programs,Action Partner Survey,Ana/Huan,,
,2/28/2023,,,,Venues,Venue Host Survey,Ana/Huan,,
,3/1/2023,,,,AV,"2023 Prerecording file edited, ready for use",Garen,,
,3/1/2023,,,,Dev,Sponsor invoices out for Mar/Apr Fests,Riley/Christy,,
,3/1/23,,,,Mktg,March 1 - E News,,,
,3/2/2023,,,,Mktg,Partner Marketing/Fest Booster/Youth Ambassador Request 4,Cesar,,
,3/2/2023,,,,Dev,Know Before You Go & link emails for Launch event,Riley/Christy,,
,3/3/2023,,,,Dev,Launch Party link emails,Riley/Christy,,
,3/3/2023,,,,Dev,Launch Party,All,,
,3/3/2023,,,,Marketing,Text campaign 3,Cesar,,
,3/6/2023,,,,Marketing/Prog,April Program Guide Discussion/Decision,Cesar/Ana,,
,3/6/2023,,,,Venues,Host Venue Feedback Survey Drafted/Finalized,Ana/Huan/Sophia,,
,3/6/2023,,,,Mktg,Post-Fest TY Messages w Survey Link ready,Cesar,,
,3/6/23,,,,Programs ,April Schedule finalized for Lisa & start publishing online,Ana/Huan,,
,3/7/23,,,,Mktg,March 7 - E News,Cesar,,
,3/12/23,,,,Programs/Mktg,"Earth Week Mini Fest schedule announced + distributed (eNEws, social, etc)",Ana/Huan/Lisa,,
,3/13/23,,,,Mktg,March 13 - E News (Thank You + April Mini Fest Solicitations),Cesar,Have April Schedule out online by Monday 3/13,
,3/15/2023,,,,YFC,YFC submission recruitment/marketing,Lisa,,
,3/16/2023,,,,Mktg,Post-Fest TY Messages w Survey Link sent,Cesar,,
,3/16/2023,,,,Marketing,"Plan text campaign, Youth Ambassador, Fest Booste, Partner marketing campaigns/toolkits for Apr fest - dates, calendarize",Cesar,,
,3/16/2023,,,,PR,"Plan PR/media campaign + press release(s) for Apr fest - dates, calendarize",Cassandra/Helen,,
,3/16/2023,,,,Venues,Host Venue Feedback Survey sent,Ana/Huan/Sophia,,
,3/20/23,,,,AV/Tech,Reach out to Eventive - try to pilot their platform for Apr Fest,Garen,,
,3/28/2023,,,,Programs,Decks complete for April events,Ana/Huan,,
,3/29/2023,,,,Programs,Program Confirmation emails for April,Ana/Huan,,
,3/30/2023,,,,Dev,Sponsor invoice follow up,Riley/Christy,,
,3/30/2023,,,,OEL,March COOP meeting,Laurie,,
,3/31/2023,,,,Programs,April programs final + ready for Lisa to publish,Ana,,
,4/1/2023,,,,AV,"All PSAs received, tested April",Garen,,
,4/1/2023,,,,OEL,All-Village Oak Park Earth Month Celebration by COOP,Laurie,April 1-30. ,
,4/2/23,,,,Mktg,April 2 - E News,Cesar,,
,4/3/2023,,,,Marketing/Prog,April (digital?) program guide ready + table copies sent to print,Cesar/Ana,,
,4/3/2023,,,,AV,DCP files for certain venues ,Garen/Niko ,,
,4/3/2023,,,,AV,"All live hybrid site visits + tech tests complete, April",Garen,,
,4/7/2023,,,,AV,All PSAs tested April,Garen,,
,4/7/23,,,,,Apr Trailer reel for pre-show; incl YFC full promo?,,,
,4/10/2023,,,,Programs,Weeklong: prep calls for April events,Ana/Huan,,
,4/10/2023,,,,OEL,April COOP Meeting,Laurie,,
,4/12/2023,,,,AV,All April shows built-virtual + in person,Garen,,
,4/15/2023,,,,YFC,Major YFC marketing push begins?,Riley/Christy,Include partnership marketing campaign/s,
,4/15/23,,,,Mktg,April 15 E News,,,
,4/17/2023,,,,Programs,Group chats for March events,Ana/Huan,,
,5/1/23,,,,Mktg,2023 Aud Svy Report,Cesar,Also 2019-2021 Survey Reports?,
,5/12/23,,,,Mktg,May 12 - E News,,,
,5/15/23,,,,Dev/Programs,Preview Event Venue 2024,Christy-Riley/Ana,,
,5/15/23,,,,Dev/Programs,Launch Party Venue 2024,,,
,6/1/2023,,,,Dev,Spring Fundraiser/Member Drive,Riley/Christy,2022 June was Nature Bingo; revenue was low,
,6/1/2023,,,,Dev,All FY23 sponsors paid (FY ends 6/30/23),Riley/Christy,,
,1/10-1/26/2023,,Christy?,,Dev,"Actively check for new sponsors, donors, members who should receive a Preview Event invite; send it out as needed",Riley/Christy,"Cesar is using the Preview Event to stimulate (new/returning) sponsors, donors, members; we will want to check frequently to ensure any of these folks who join receive the Preview invite with enough lead time. Thanks!",
,1/24/2023?,,,,Mktg,"Push out promo video on next eNews, socials, etc?",Cesar,,
,2/3-3/3/2023,,,,PR/Mktg,"Media/Publicity/Ad Blitz (interviews, ads, podcasts, etc)",Cassandra/Helen/Cesar,https://www.oneearthfilmfest.org/earth-words-blog/2023/2/6/falconer-interview,
,3/4-3/12/2023,,,,Programs,"Post-Fest TY participant/action partner/venue host TYs + surveys sent (rolling, post-events)",Huan/Ana,All sent no later than 3/20/23,
,TBD,,,,Mktg,Text phone# campaign + text banking,,,
,,,,,Mktg,Postcard campaign?,,,
,,,,,Mktg,Audience Survey raffle closeout,Marketing,,
,,,,,Mktg,Check all filmmaker websites/platforms for our laurels + promo about their event,Marketing,,
,,,,,Mktg,"Forward film-specific marketing toolkit, flyer + other to all filmmakers/distribution companies for each film",Marketing,,
,,,,,Programs,"Final season survey reporting: audience survey; registration, attendance data included",Ana/Programs,,
,,,,,Programs,Participant Survey data report,Ana/Programs,,
,,,,,Programs,Host survey data report,Ana/Programs,,
,,,,,Mktg/Tech,Digital name tags for show interfact,Garen/Mktg,,